<?xml version="1.0" encoding="UTF-8"?>
<!DOCTYPE fontscolors PUBLIC "-//NetBeans//DTD Editor Fonts and Colors settings 1.1//EN" "http://www.netbeans.org/dtds/EditorFontsColors-1_1.dtd">
<fontscolors>
    <fontcolor foreColor="yellow" name="char"/>
    <fontcolor foreColor="orange" name="markup-element"/>
    <fontcolor name="private"/>
    <fontcolor name="protected"/>
    <fontcolor default="string" name="markup-attribute-value"/>
    <fontcolor foreColor="gray" name="unused"/>
    <fontcolor name="constructor">
        <font style="bold"/>
    </fontcolor>
    <fontcolor foreColor="ff999900" name="abstract"/>
    <fontcolor name="deprecated" strikeThrough="darkGray"/>
    <fontcolor name="static">
        <font style="italic"/>
    </fontcolor>
    <fontcolor bgColor="red" foreColor="white" name="error"/>
    <fontcolor foreColor="ffa06001" name="method-parameter"/>
    <fontcolor foreColor="orange" name="keyword"/>
    <fontcolor name="whitespace"/>
    <fontcolor foreColor="ffff7f00" name="class"/>
    <fontcolor foreColor="yellow" name="number"/>
    <fontcolor name="enum"/>
    <fontcolor name="interface"/>
    <fontcolor foreColor="magenta" name="operator"/>
    <fontcolor name="url" underline="blue"/>
    <fontcolor foreColor="ff999900" name="field">
        <font style="bold"/>
    </fontcolor>
    <fontcolor bgColor="black" foreColor="green" name="default">
        <font name="Droid Sans Mono" size="14" style="plain"/>
    </fontcolor>
    <fontcolor foreColor="yellow" name="string"/>
    <fontcolor foreColor="cyan" name="entity-reference"/>
    <fontcolor foreColor="ff00c1c1" name="method">
        <font style="bold"/>
    </fontcolor>
    <fontcolor name="public"/>
    <fontcolor foreColor="ff273f42" name="comment"/>
    <fontcolor foreColor="cyan" name="local-variable"/>
    <fontcolor name="identifier"/>
    <fontcolor name="warning" waveUnderlined="yellow"/>
    <fontcolor name="separator"/>
    <fontcolor foreColor="ff007c00" name="markup-attribute"/>
</fontscolors>
