<?xml version="1.0" encoding="UTF-8"?>
<!DOCTYPE fontscolors PUBLIC "-//NetBeans//DTD Editor Fonts and Colors settings 1.1//EN" "http://www.netbeans.org/dtds/EditorFontsColors-1_1.dtd">
<fontscolors>
    <fontcolor default="preprocessor" foreColor="ff009999" name="preprocessor"/>
    <fontcolor default="error" foreColor="lightGray" name="error" underline="red"/>
    <fontcolor default="basictype" foreColor="ffcccc00" name="basictype"/>
    <fontcolor default="builtinvar" foreColor="ff8080ff" name="builtinvar"/>
    <fontcolor default="string" name="string"/>
    <fontcolor default="keyword" name="keyword"/>
    <fontcolor default="whitespace" foreColor="black" name="whitespace"/>
    <fontcolor default="number" foreColor="ffcc99ff" name="number"/>
    <fontcolor default="comment" name="comment"/>
    <fontcolor default="identifier" foreColor="ff00cccc" name="identifier"/>
    <fontcolor default="builtinfunc" foreColor="ffff8040" name="builtinfunc"/>
    <fontcolor default="operator" foreColor="green" name="operator"/>
</fontscolors>
