<?xml version="1.0" encoding="UTF-8"?>
<!DOCTYPE fontscolors PUBLIC "-//NetBeans//DTD Editor Fonts and Colors settings 1.1//EN" "http://www.netbeans.org/dtds/EditorFontsColors-1_1.dtd">
<fontscolors>
    <fontcolor bgColor="white" foreColor="white" name="caret-color-insert-mode"/>
    <fontcolor name="nbeditor-bracesMatching-sidebar"/>
    <fontcolor name="trailing-whitespace"/>
    <fontcolor foreColor="ff666666" name="indent-guide-lines"/>
    <fontcolor foreColor="darkGray" name="text-limit-line-color"/>
    <fontcolor bgColor="darkGray" name="readonly-files"/>
    <fontcolor foreColor="white" name="hyperlinks" underline="white"/>
    <fontcolor foreColor="red" name="status-bar-bold"/>
    <fontcolor bgColor="white" foreColor="white" name="caret-color-overwrite-mode"/>
    <fontcolor name="status-bar"/>
    <fontcolor foreColor="ffcc0099" name="synchronized-text-blocks-ext"/>
    <fontcolor bgColor="ff001e1e" name="highlight-search"/>
    <fontcolor foreColor="ff996600" name="synchronized-text-blocks-ext-slave"/>
    <fontcolor bgColor="red" foreColor="white" name="nbeditor-bracesMatching-mismatch"/>
    <fontcolor foreColor="ff006699" name="code-folding"/>
    <fontcolor bgColor="magenta" foreColor="white" name="block-search"/>
    <fontcolor bgColor="ff660000" foreColor="white" name="nbeditor-bracesMatching-match-multichar"/>
    <fontcolor foreColor="ffcccccc" name="line-number"/>
    <fontcolor bgColor="ff0a0a00" name="highlight-caret-row"/>
    <fontcolor bgColor="ff00006b" foreColor="white" name="selection"/>
    <fontcolor bgColor="ffff9900" name="inc-search"/>
    <fontcolor name="indent-whitespace"/>
    <fontcolor foreColor="darkGray" name="code-folding-bar"/>
    <fontcolor bgColor="red" foreColor="white" name="nbeditor-bracesMatching-mismatch-multichar"/>
    <fontcolor bgColor="ff660000" foreColor="white" name="nbeditor-bracesMatching-match"/>
    <fontcolor bgColor="ff191919" name="guarded"/>
</fontscolors>
