<?xml version="1.0" encoding="UTF-8"?>
<!DOCTYPE bindings PUBLIC "-//NetBeans//DTD Editor KeyBindings settings 1.1//EN" "http://www.netbeans.org/dtds/EditorKeyBindings-1_1.dtd">
<bindings>
    <bind actionName="format" key="DO-L"/>
    <bind actionName="goto-declaration" key="D-D"/>
    <bind actionName="in-place-refactoring" key="F6"/>
    <bind key="D-U$L" remove="true"/>
    <bind key="S-F10" remove="true"/>
    <bind key="SO-F" remove="true"/>
    <bind key="S-SPACE" remove="true"/>
    <bind key="D-B" remove="true"/>
    <bind key="D-U$S" remove="true"/>
    <bind key="D-U$U" remove="true"/>
    <bind key="D-K" remove="true"/>
    <bind key="D-R" remove="true"/>
    <bind key="O-BACK_SPACE" remove="true"/>
</bindings>
