<?xml version="1.0" encoding="UTF-8"?>
<!DOCTYPE fontscolors PUBLIC "-//NetBeans//DTD Editor Fonts and Colors settings 1.1//EN" "http://www.netbeans.org/dtds/EditorFontsColors-1_1.dtd">
<fontscolors>
    <fontcolor default="default" foreColor="ff2e92c7" name="cc-highlighting-macros-system"/>
    <fontcolor default="default" foreColor="ff2e92c7" name="cc-highlighting-typedefs"/>
    <fontcolor default="string" name="preprocessor-system-include-literal"/>
    <fontcolor default="preprocessor" name="preprocessor-keyword-directive"/>
    <fontcolor default="char" name="character"/>
    <fontcolor foreColor="ff00a3a3" name="preprocessor"/>
    <fontcolor default="pragma-omp" name="pragma-omp-keyword-directive"/>
    <fontcolor default="error" name="errors"/>
    <fontcolor default="field" name="cc-highlighting-class-fields"/>
    <fontcolor default="identifier" foreColor="ff9ec8c7" name="preprocessor-identifier"/>
    <fontcolor default="comment" name="doxygen-tag"/>
    <fontcolor default="default" name="cc-highlighting-unused-variables" waveUnderlined="ff999999"/>
    <fontcolor default="method" foreColor="ff00cccc" name="cc-highlighting-function"/>
    <fontcolor default="default" foreColor="ff2e92c7" name="cc-highlighting-macros-user"/>
    <fontcolor default="string" name="preprocessor-user-include-literal"/>
    <fontcolor default="keyword" name="keyword-directive"/>
    <fontcolor default="preprocessor-keyword-directive" foreColor="orange" name="keyword"/>
    <fontcolor default="default" foreColor="ff969696" name="cc-highlighting-inactive"/>
    <fontcolor default="whitespace" name="whitespace"/>
    <fontcolor default="string" name="string-escape"/>
    <fontcolor default="number" name="number"/>
    <fontcolor default="operator" name="operator"/>
    <fontcolor default="default" foreColor="ff2e92c7" name="cc-highlighting-macros"/>
    <fontcolor default="string" name="string-escape-invalid" waveUnderlined="ffce7b00"/>
    <fontcolor default="comment" foreColor="ff006666" name="html-tag"/>
    <fontcolor default="string" name="string"/>
    <fontcolor bgColor="ff281000" default="default" name="cc-highlighting-mark-occurrences"/>
    <fontcolor default="preprocessor-keyword-directive" name="preprocessor-keyword"/>
    <fontcolor default="comment" name="comment"/>
    <fontcolor default="identifier" foreColor="ffccccff" name="identifier"/>
    <fontcolor default="method" foreColor="ff3399ff" name="cc-highlighting-function-usage"/>
    <fontcolor default="separator" name="separator"/>
    <fontcolor foreColor="ff2e92c7" name="pragma-omp"/>
    <fontcolor default="keyword" name="literal"/>
</fontscolors>
